{
  "snapshot_id": "s35_oos_24t_100k",
  "doc": "docs/ENGINE_BACKTEST_S35_OUT_OF_WINDOW.md",
  "aggregate": {
    "row_count": 2003,
    "spearman_rho": 0.504532668801687,
    "spearman_p": 7.954178312253358e-130,
    "mean_realized": -194.0438761857214,
    "hit_rate": 0.8197703444832751,
    "iv_mean": 0.34844907638542183,
    "ev_mean": 36.49661008487269,
    "final_cash": 26847.283380000008,
    "final_nav": 115133.80560284581,
    "executed_trades": 25,
    "put_assignments": 12,
    "open_at_end": 7
  },
  "per_year": {
    "2020": {
      "n": 2003,
      "rho": 0.504532668801687,
      "p": 7.954178312253358e-130,
      "mean_realized": -194.0438761857214,
      "hit_rate": 0.8197703444832751,
      "iv_mean": 0.34844907638542183
    }
  },
  "per_quartile": {
    "Q0": {
      "n": 501,
      "ev_mean": -23.290159680638723,
      "pnl_mean": -162.502874251497,
      "hit": 0.7504990019960079
    },
    "Q1": {
      "n": 501,
      "ev_mean": 6.416407185628742,
      "pnl_mean": -230.6625708582835,
      "hit": 0.810379241516966
    },
    "Q2": {
      "n": 500,
      "ev_mean": 30.59214,
      "pnl_mean": -255.72071200000005,
      "hit": 0.836
    },
    "Q3": {
      "n": 501,
      "ev_mean": 132.25626746506987,
      "pnl_mean": -127.41245508982033,
      "hit": 0.8822355289421158
    }
  },
  "per_friction_level": {
    "none": {
      "aggregate": {
        "row_count": 2003,
        "spearman_rho": 0.50712824116696,
        "spearman_p": 2.317952566012828e-131,
        "mean_realized": -176.62892661008487,
        "hit_rate": 0.8242636045931103,
        "iv_mean": 0.34844907638542183,
        "ev_mean": 36.49661008487269,
        "final_cash": 47613.1285,
        "final_nav": 113670.6404535142,
        "executed_trades": 30,
        "put_assignments": 10,
        "open_at_end": 8
      },
      "per_year": {
        "2020": {
          "n": 2003,
          "rho": 0.50712824116696,
          "p": 2.317952566012828e-131,
          "mean_realized": -176.62892661008487,
          "hit_rate": 0.8242636045931103,
          "iv_mean": 0.34844907638542183
        }
      },
      "per_quartile": {
        "Q0": {
          "n": 501,
          "ev_mean": -23.290159680638723,
          "pnl_mean": -152.74239520958085,
          "hit": 0.7544910179640718
        },
        "Q1": {
          "n": 501,
          "ev_mean": 6.416407185628742,
          "pnl_mean": -220.16634730538922,
          "hit": 0.8143712574850299
        },
        "Q2": {
          "n": 500,
          "ev_mean": 30.59214,
          "pnl_mean": -239.48132000000007,
          "hit": 0.844
        },
        "Q3": {
          "n": 501,
          "ev_mean": 132.25626746506987,
          "pnl_mean": -94.25109780439125,
          "hit": 0.8842315369261478
        }
      }
    },
    "bid_ask": {
      "aggregate": {
        "row_count": 2003,
        "spearman_rho": 0.504532668801687,
        "spearman_p": 7.954178312253358e-130,
        "mean_realized": -194.0438761857214,
        "hit_rate": 0.8197703444832751,
        "iv_mean": 0.34844907638542183,
        "ev_mean": 36.49661008487269,
        "final_cash": 46704.14272000001,
        "final_nav": 112761.65467351422,
        "executed_trades": 28,
        "put_assignments": 10,
        "open_at_end": 8
      },
      "per_year": {
        "2020": {
          "n": 2003,
          "rho": 0.504532668801687,
          "p": 7.954178312253358e-130,
          "mean_realized": -194.0438761857214,
          "hit_rate": 0.8197703444832751,
          "iv_mean": 0.34844907638542183
        }
      },
      "per_quartile": {
        "Q0": {
          "n": 501,
          "ev_mean": -23.290159680638723,
          "pnl_mean": -162.502874251497,
          "hit": 0.7504990019960079
        },
        "Q1": {
          "n": 501,
          "ev_mean": 6.416407185628742,
          "pnl_mean": -230.6625708582835,
          "hit": 0.810379241516966
        },
        "Q2": {
          "n": 500,
          "ev_mean": 30.59214,
          "pnl_mean": -255.72071200000005,
          "hit": 0.836
        },
        "Q3": {
          "n": 501,
          "ev_mean": 132.25626746506987,
          "pnl_mean": -127.41245508982033,
          "hit": 0.8822355289421158
        }
      }
    },
    "full": {
      "aggregate": {
        "row_count": 2003,
        "spearman_rho": 0.504532668801687,
        "spearman_p": 7.954178312253358e-130,
        "mean_realized": -194.0438761857214,
        "hit_rate": 0.8197703444832751,
        "iv_mean": 0.34844907638542183,
        "ev_mean": 36.49661008487269,
        "final_cash": 26847.283380000008,
        "final_nav": 115133.80560284581,
        "executed_trades": 25,
        "put_assignments": 12,
        "open_at_end": 7
      },
      "per_year": {
        "2020": {
          "n": 2003,
          "rho": 0.504532668801687,
          "p": 7.954178312253358e-130,
          "mean_realized": -194.0438761857214,
          "hit_rate": 0.8197703444832751,
          "iv_mean": 0.34844907638542183
        }
      },
      "per_quartile": {
        "Q0": {
          "n": 501,
          "ev_mean": -23.290159680638723,
          "pnl_mean": -162.502874251497,
          "hit": 0.7504990019960079
        },
        "Q1": {
          "n": 501,
          "ev_mean": 6.416407185628742,
          "pnl_mean": -230.6625708582835,
          "hit": 0.810379241516966
        },
        "Q2": {
          "n": 500,
          "ev_mean": 30.59214,
          "pnl_mean": -255.72071200000005,
          "hit": 0.836
        },
        "Q3": {
          "n": 501,
          "ev_mean": 132.25626746506987,
          "pnl_mean": -127.41245508982033,
          "hit": 0.8822355289421158
        }
      }
    }
  },
  "fingerprint": {
    "capital": 100000.0,
    "tickers": [
      "AAPL",
      "MSFT",
      "GOOGL",
      "NVDA",
      "ORCL",
      "JPM",
      "BAC",
      "GS",
      "WFC",
      "XOM",
      "CVX",
      "UNH",
      "JNJ",
      "PFE",
      "MRK",
      "PG",
      "KO",
      "COST",
      "CAT",
      "BA",
      "GE",
      "HON",
      "AMZN",
      "HD"
    ],
    "universe_size": 24,
    "start": "2018-01-02",
    "end": "2020-12-31",
    "seed": 42,
    "friction_level": "full",
    "top_n": 10,
    "max_new_per_day": 3,
    "dte_target": 35,
    "delta_target": 0.25,
    "contracts": 1,
    "data_csv_sha256": "7a3e77a4fab07f8581da680c0d67d2cb9fc50e16f4e8d4150496cad2e386e961",
    "vol_iv_sha256": "aab4eada1af5c9aa70699e669115663d9a45e5fa6c4523b1275170ed5baadaca",
    "treasury_sha256": "48a20a883580b038e7c34ecc07d90c21ab43294b7c0be3a823ac5e2dfa0d00ce",
    "connector_data_sha256": {
      "credit_risk": "6a3e31e0c94b6ba6c403748f76d0fe94f0d50b9b406b60c0124216668f6c813d",
      "dividends": "317e56c69615fdd8110280588cff4bccce4f151a56991cb1e03fec7c954e3143",
      "earnings": "a3548da18a31c8488876ac6e603e707370767085e07eefadf7948d18c3896c47",
      "fundamentals": "2509f94da9b7da38d3531411820291982028d58c32f82d876c2f5956ae21c563",
      "liquidity": "08ca8f7ec7a641514a54cb8ffef2be5df0c1c654e3420e0a02d1d23abf94d40f",
      "ohlcv": "7a3e77a4fab07f8581da680c0d67d2cb9fc50e16f4e8d4150496cad2e386e961",
      "treasury": "48a20a883580b038e7c34ecc07d90c21ab43294b7c0be3a823ac5e2dfa0d00ce",
      "vix": "8054b746f5110d49e8910242c28a05652f0b79039f8c3886f0967b0a13fbd743",
      "vol_iv": "aab4eada1af5c9aa70699e669115663d9a45e5fa6c4523b1275170ed5baadaca"
    },
    "generated_at": "2026-06-27T00:33:10.607533+00:00"
  }
}
