{
  "snapshot_id": "s35_oos_24t_100k",
  "doc": "docs/ENGINE_BACKTEST_S35_OUT_OF_WINDOW.md",
  "aggregate": {
    "row_count": 2003,
    "spearman_rho": 0.501437862368325,
    "spearman_p": 5.178124987461058e-128,
    "mean_realized": -194.63698851722413,
    "hit_rate": 0.8202695956065901,
    "iv_mean": 0.3476433849226161,
    "ev_mean": 35.93997503744384,
    "final_cash": 35002.294700000006,
    "final_nav": 113685.73512280815,
    "executed_trades": 26,
    "put_assignments": 13,
    "open_at_end": 7
  },
  "per_year": {
    "2020": {
      "n": 2003,
      "rho": 0.501437862368325,
      "p": 5.178124987461058e-128,
      "mean_realized": -194.63698851722413,
      "hit_rate": 0.8202695956065901,
      "iv_mean": 0.3476433849226161
    }
  },
  "per_quartile": {
    "Q0": {
      "n": 501,
      "ev_mean": -23.854391217564867,
      "pnl_mean": -152.48288223552893,
      "hit": 0.7664670658682635
    },
    "Q1": {
      "n": 501,
      "ev_mean": 5.76367265469062,
      "pnl_mean": -239.52946107784433,
      "hit": 0.7944111776447106
    },
    "Q2": {
      "n": 500,
      "ev_mean": 29.958299999999998,
      "pnl_mean": -262.5621440000001,
      "hit": 0.834
    },
    "Q3": {
      "n": 501,
      "ev_mean": 131.88037924151698,
      "pnl_mean": -124.1090459081836,
      "hit": 0.8862275449101796
    }
  },
  "per_friction_level": {
    "none": {
      "aggregate": {
        "row_count": 2003,
        "spearman_rho": 0.503951159238154,
        "spearman_p": 1.7490012754977214e-129,
        "mean_realized": -177.28537194208687,
        "hit_rate": 0.8247628557164254,
        "iv_mean": 0.3476433849226161,
        "ev_mean": 35.93997503744384,
        "final_cash": 47555.111999999994,
        "final_nav": 113722.04950611865,
        "executed_trades": 30,
        "put_assignments": 10,
        "open_at_end": 7
      },
      "per_year": {
        "2020": {
          "n": 2003,
          "rho": 0.503951159238154,
          "p": 1.7490012754977214e-129,
          "mean_realized": -177.28537194208687,
          "hit_rate": 0.8247628557164254,
          "iv_mean": 0.3476433849226161
        }
      },
      "per_quartile": {
        "Q0": {
          "n": 501,
          "ev_mean": -23.854391217564867,
          "pnl_mean": -142.63612774451101,
          "hit": 0.7704590818363274
        },
        "Q1": {
          "n": 501,
          "ev_mean": 5.76367265469062,
          "pnl_mean": -229.16443113772456,
          "hit": 0.7984031936127745
        },
        "Q2": {
          "n": 500,
          "ev_mean": 29.958299999999998,
          "pnl_mean": -246.55424000000005,
          "hit": 0.842
        },
        "Q3": {
          "n": 501,
          "ev_mean": 131.88037924151698,
          "pnl_mean": -90.92495009980047,
          "hit": 0.8882235528942116
        }
      }
    },
    "bid_ask": {
      "aggregate": {
        "row_count": 2003,
        "spearman_rho": 0.501437862368325,
        "spearman_p": 5.178124987461058e-128,
        "mean_realized": -194.63698851722413,
        "hit_rate": 0.8202695956065901,
        "iv_mean": 0.3476433849226161,
        "ev_mean": 35.93997503744384,
        "final_cash": 46607.99086000001,
        "final_nav": 112774.92836611868,
        "executed_trades": 27,
        "put_assignments": 10,
        "open_at_end": 7
      },
      "per_year": {
        "2020": {
          "n": 2003,
          "rho": 0.501437862368325,
          "p": 5.178124987461058e-128,
          "mean_realized": -194.63698851722413,
          "hit_rate": 0.8202695956065901,
          "iv_mean": 0.3476433849226161
        }
      },
      "per_quartile": {
        "Q0": {
          "n": 501,
          "ev_mean": -23.854391217564867,
          "pnl_mean": -152.48288223552893,
          "hit": 0.7664670658682635
        },
        "Q1": {
          "n": 501,
          "ev_mean": 5.76367265469062,
          "pnl_mean": -239.52946107784433,
          "hit": 0.7944111776447106
        },
        "Q2": {
          "n": 500,
          "ev_mean": 29.958299999999998,
          "pnl_mean": -262.5621440000001,
          "hit": 0.834
        },
        "Q3": {
          "n": 501,
          "ev_mean": 131.88037924151698,
          "pnl_mean": -124.1090459081836,
          "hit": 0.8862275449101796
        }
      }
    },
    "full": {
      "aggregate": {
        "row_count": 2003,
        "spearman_rho": 0.501437862368325,
        "spearman_p": 5.178124987461058e-128,
        "mean_realized": -194.63698851722413,
        "hit_rate": 0.8202695956065901,
        "iv_mean": 0.3476433849226161,
        "ev_mean": 35.93997503744384,
        "final_cash": 35002.294700000006,
        "final_nav": 113685.73512280815,
        "executed_trades": 26,
        "put_assignments": 13,
        "open_at_end": 7
      },
      "per_year": {
        "2020": {
          "n": 2003,
          "rho": 0.501437862368325,
          "p": 5.178124987461058e-128,
          "mean_realized": -194.63698851722413,
          "hit_rate": 0.8202695956065901,
          "iv_mean": 0.3476433849226161
        }
      },
      "per_quartile": {
        "Q0": {
          "n": 501,
          "ev_mean": -23.854391217564867,
          "pnl_mean": -152.48288223552893,
          "hit": 0.7664670658682635
        },
        "Q1": {
          "n": 501,
          "ev_mean": 5.76367265469062,
          "pnl_mean": -239.52946107784433,
          "hit": 0.7944111776447106
        },
        "Q2": {
          "n": 500,
          "ev_mean": 29.958299999999998,
          "pnl_mean": -262.5621440000001,
          "hit": 0.834
        },
        "Q3": {
          "n": 501,
          "ev_mean": 131.88037924151698,
          "pnl_mean": -124.1090459081836,
          "hit": 0.8862275449101796
        }
      }
    }
  },
  "fingerprint": {
    "capital": 100000.0,
    "tickers": [
      "AAPL",
      "MSFT",
      "GOOGL",
      "NVDA",
      "ORCL",
      "JPM",
      "BAC",
      "GS",
      "WFC",
      "XOM",
      "CVX",
      "UNH",
      "JNJ",
      "PFE",
      "MRK",
      "PG",
      "KO",
      "COST",
      "CAT",
      "BA",
      "GE",
      "HON",
      "AMZN",
      "HD"
    ],
    "universe_size": 24,
    "start": "2018-01-02",
    "end": "2020-12-31",
    "seed": 42,
    "friction_level": "full",
    "top_n": 10,
    "max_new_per_day": 3,
    "dte_target": 35,
    "delta_target": 0.25,
    "contracts": 1,
    "data_csv_sha256": "7a3e77a4fab07f8581da680c0d67d2cb9fc50e16f4e8d4150496cad2e386e961",
    "vol_iv_sha256": "aab4eada1af5c9aa70699e669115663d9a45e5fa6c4523b1275170ed5baadaca",
    "treasury_sha256": "48a20a883580b038e7c34ecc07d90c21ab43294b7c0be3a823ac5e2dfa0d00ce",
    "connector_data_sha256": {
      "corporate_actions": "cbda1d599a22254014cc124eb6936730880911285288f56ff5fc4c9210a6d272",
      "credit_risk": "6a3e31e0c94b6ba6c403748f76d0fe94f0d50b9b406b60c0124216668f6c813d",
      "dividends": "317e56c69615fdd8110280588cff4bccce4f151a56991cb1e03fec7c954e3143",
      "earnings": "a3548da18a31c8488876ac6e603e707370767085e07eefadf7948d18c3896c47",
      "fundamentals": "2509f94da9b7da38d3531411820291982028d58c32f82d876c2f5956ae21c563",
      "liquidity": "08ca8f7ec7a641514a54cb8ffef2be5df0c1c654e3420e0a02d1d23abf94d40f",
      "ohlcv": "7a3e77a4fab07f8581da680c0d67d2cb9fc50e16f4e8d4150496cad2e386e961",
      "treasury": "48a20a883580b038e7c34ecc07d90c21ab43294b7c0be3a823ac5e2dfa0d00ce",
      "vix": "8054b746f5110d49e8910242c28a05652f0b79039f8c3886f0967b0a13fbd743",
      "vol_iv": "aab4eada1af5c9aa70699e669115663d9a45e5fa6c4523b1275170ed5baadaca"
    },
    "generated_at": "2026-06-27T14:55:38.064456+00:00"
  }
}
