{
  "snapshot_id": "s35_oos_24t_100k",
  "doc": "docs/ENGINE_BACKTEST_S35_OUT_OF_WINDOW.md",
  "aggregate": {
    "row_count": 2003,
    "spearman_rho": 0.4904039887623204,
    "spearman_p": 1.0722977327986466e-121,
    "mean_realized": -172.17571342985516,
    "hit_rate": 0.8142785821268098,
    "iv_mean": 0.34866515227159256,
    "ev_mean": 30.463734398402398,
    "final_cash": 74568.69075999997,
    "final_nav": 115830.03228335496,
    "executed_trades": 40,
    "put_assignments": 8,
    "open_at_end": 6
  },
  "per_year": {
    "2020": {
      "n": 2003,
      "rho": 0.4904039887623204,
      "p": 1.0722977327986466e-121,
      "mean_realized": -172.17571342985516,
      "hit_rate": 0.8142785821268098,
      "iv_mean": 0.34866515227159256
    }
  },
  "per_quartile": {
    "Q0": {
      "n": 501,
      "ev_mean": -29.31251497005988,
      "pnl_mean": -286.8509301397206,
      "hit": 0.7305389221556886
    },
    "Q1": {
      "n": 501,
      "ev_mean": 2.6570059880239523,
      "pnl_mean": -176.09401197604788,
      "hit": 0.8143712574850299
    },
    "Q2": {
      "n": 500,
      "ev_mean": 25.4725,
      "pnl_mean": -115.83772400000002,
      "hit": 0.838
    },
    "Q3": {
      "n": 501,
      "ev_mean": 123.02798403193613,
      "pnl_mean": -109.807736526946,
      "hit": 0.874251497005988
    }
  },
  "per_friction_level": {
    "none": {
      "aggregate": {
        "row_count": 2003,
        "spearman_rho": 0.49285251856236034,
        "spearman_p": 4.45272511360575e-123,
        "mean_realized": -155.1486020968547,
        "hit_rate": 0.817773339990015,
        "iv_mean": 0.34866515227159256,
        "ev_mean": 30.463734398402398,
        "final_cash": 75875.4865,
        "final_nav": 117097.1019073533,
        "executed_trades": 42,
        "put_assignments": 8,
        "open_at_end": 7
      },
      "per_year": {
        "2020": {
          "n": 2003,
          "rho": 0.49285251856236034,
          "p": 4.45272511360575e-123,
          "mean_realized": -155.1486020968547,
          "hit_rate": 0.817773339990015,
          "iv_mean": 0.34866515227159256
        }
      },
      "per_quartile": {
        "Q0": {
          "n": 501,
          "ev_mean": -29.31251497005988,
          "pnl_mean": -276.78311377245507,
          "hit": 0.7385229540918163
        },
        "Q1": {
          "n": 501,
          "ev_mean": 2.6570059880239523,
          "pnl_mean": -166.47676646706586,
          "hit": 0.8143712574850299
        },
        "Q2": {
          "n": 500,
          "ev_mean": 25.4725,
          "pnl_mean": -100.2707,
          "hit": 0.842
        },
        "Q3": {
          "n": 501,
          "ev_mean": 123.02798403193613,
          "pnl_mean": -76.95429141716568,
          "hit": 0.8762475049900199
        }
      }
    },
    "bid_ask": {
      "aggregate": {
        "row_count": 2003,
        "spearman_rho": 0.4904039887623204,
        "spearman_p": 1.0722977327986466e-121,
        "mean_realized": -172.17571342985516,
        "hit_rate": 0.8142785821268098,
        "iv_mean": 0.34866515227159256,
        "ev_mean": 30.463734398402398,
        "final_cash": 74723.80843999996,
        "final_nav": 115985.14996335495,
        "executed_trades": 39,
        "put_assignments": 8,
        "open_at_end": 6
      },
      "per_year": {
        "2020": {
          "n": 2003,
          "rho": 0.4904039887623204,
          "p": 1.0722977327986466e-121,
          "mean_realized": -172.17571342985516,
          "hit_rate": 0.8142785821268098,
          "iv_mean": 0.34866515227159256
        }
      },
      "per_quartile": {
        "Q0": {
          "n": 501,
          "ev_mean": -29.31251497005988,
          "pnl_mean": -286.8509301397206,
          "hit": 0.7305389221556886
        },
        "Q1": {
          "n": 501,
          "ev_mean": 2.6570059880239523,
          "pnl_mean": -176.09401197604788,
          "hit": 0.8143712574850299
        },
        "Q2": {
          "n": 500,
          "ev_mean": 25.4725,
          "pnl_mean": -115.83772400000002,
          "hit": 0.838
        },
        "Q3": {
          "n": 501,
          "ev_mean": 123.02798403193613,
          "pnl_mean": -109.807736526946,
          "hit": 0.874251497005988
        }
      }
    },
    "full": {
      "aggregate": {
        "row_count": 2003,
        "spearman_rho": 0.4904039887623204,
        "spearman_p": 1.0722977327986466e-121,
        "mean_realized": -172.17571342985516,
        "hit_rate": 0.8142785821268098,
        "iv_mean": 0.34866515227159256,
        "ev_mean": 30.463734398402398,
        "final_cash": 74568.69075999997,
        "final_nav": 115830.03228335496,
        "executed_trades": 40,
        "put_assignments": 8,
        "open_at_end": 6
      },
      "per_year": {
        "2020": {
          "n": 2003,
          "rho": 0.4904039887623204,
          "p": 1.0722977327986466e-121,
          "mean_realized": -172.17571342985516,
          "hit_rate": 0.8142785821268098,
          "iv_mean": 0.34866515227159256
        }
      },
      "per_quartile": {
        "Q0": {
          "n": 501,
          "ev_mean": -29.31251497005988,
          "pnl_mean": -286.8509301397206,
          "hit": 0.7305389221556886
        },
        "Q1": {
          "n": 501,
          "ev_mean": 2.6570059880239523,
          "pnl_mean": -176.09401197604788,
          "hit": 0.8143712574850299
        },
        "Q2": {
          "n": 500,
          "ev_mean": 25.4725,
          "pnl_mean": -115.83772400000002,
          "hit": 0.838
        },
        "Q3": {
          "n": 501,
          "ev_mean": 123.02798403193613,
          "pnl_mean": -109.807736526946,
          "hit": 0.874251497005988
        }
      }
    }
  },
  "fingerprint": {
    "capital": 100000.0,
    "tickers": [
      "AAPL",
      "MSFT",
      "GOOGL",
      "NVDA",
      "ORCL",
      "JPM",
      "BAC",
      "GS",
      "WFC",
      "XOM",
      "CVX",
      "UNH",
      "JNJ",
      "PFE",
      "MRK",
      "PG",
      "KO",
      "COST",
      "CAT",
      "BA",
      "GE",
      "HON",
      "AMZN",
      "HD"
    ],
    "universe_size": 24,
    "start": "2018-01-02",
    "end": "2020-12-31",
    "seed": 42,
    "friction_level": "full",
    "top_n": 10,
    "max_new_per_day": 3,
    "dte_target": 35,
    "delta_target": 0.25,
    "contracts": 1,
    "data_csv_sha256": "c3d5443158b12ec5309a08111cdbeae6610baea78c39e676ef109b571c5edfb1",
    "vol_iv_sha256": "a64b747d81eb68da24f904741610ba517088dfaec00d7d999962c779bc08f1d1",
    "treasury_sha256": "a76a3ef85fa60ef936ce145caa35e075bbc8c8510aa98e9528a8e51aaa9ecfc5",
    "generated_at": "2026-06-02T13:53:39.753611+00:00"
  }
}
