{
  "snapshot_id": "s35_oos_24t_100k",
  "doc": "docs/ENGINE_BACKTEST_S35_OUT_OF_WINDOW.md",
  "aggregate": {
    "row_count": 2003,
    "spearman_rho": 0.4998044778233251,
    "spearman_p": 4.611540792365876e-127,
    "mean_realized": -173.33249825262104,
    "hit_rate": 0.8142785821268098,
    "iv_mean": 0.3488647029455816,
    "ev_mean": 31.881622566150774,
    "final_cash": 74568.69075999997,
    "final_nav": 115830.03228335496,
    "executed_trades": 40,
    "put_assignments": 8,
    "open_at_end": 6
  },
  "per_year": {
    "2020": {
      "n": 2003,
      "rho": 0.4998044778233251,
      "p": 4.611540792365876e-127,
      "mean_realized": -173.33249825262104,
      "hit_rate": 0.8142785821268098,
      "iv_mean": 0.3488647029455816
    }
  },
  "per_quartile": {
    "Q0": {
      "n": 501,
      "ev_mean": -28.92385229540918,
      "pnl_mean": -295.2042115768463,
      "hit": 0.7225548902195609
    },
    "Q1": {
      "n": 501,
      "ev_mean": 3.115748502994012,
      "pnl_mean": -184.1239920159681,
      "hit": 0.8163672654690619
    },
    "Q2": {
      "n": 500,
      "ev_mean": 26.57592,
      "pnl_mean": -104.26222400000007,
      "hit": 0.844
    },
    "Q3": {
      "n": 501,
      "ev_mean": 126.74808383233531,
      "pnl_mean": -109.60170059880238,
      "hit": 0.874251497005988
    }
  },
  "per_friction_level": {
    "none": {
      "aggregate": {
        "row_count": 2003,
        "spearman_rho": 0.5022598273853324,
        "spearman_p": 1.7152015939951994e-128,
        "mean_realized": -156.27740888666997,
        "hit_rate": 0.817773339990015,
        "iv_mean": 0.3488647029455816,
        "ev_mean": 31.881622566150774,
        "final_cash": 75875.4865,
        "final_nav": 117097.1019073533,
        "executed_trades": 42,
        "put_assignments": 8,
        "open_at_end": 7
      },
      "per_year": {
        "2020": {
          "n": 2003,
          "rho": 0.5022598273853324,
          "p": 1.7152015939951994e-128,
          "mean_realized": -156.27740888666997,
          "hit_rate": 0.817773339990015,
          "iv_mean": 0.3488647029455816
        }
      },
      "per_quartile": {
        "Q0": {
          "n": 501,
          "ev_mean": -28.92385229540918,
          "pnl_mean": -285.3518363273453,
          "hit": 0.7305389221556886
        },
        "Q1": {
          "n": 501,
          "ev_mean": 3.115748502994012,
          "pnl_mean": -174.33908183632735,
          "hit": 0.8163672654690619
        },
        "Q2": {
          "n": 500,
          "ev_mean": 26.57592,
          "pnl_mean": -88.54919999999998,
          "hit": 0.848
        },
        "Q3": {
          "n": 501,
          "ev_mean": 126.74808383233531,
          "pnl_mean": -76.73433133732534,
          "hit": 0.8762475049900199
        }
      }
    },
    "bid_ask": {
      "aggregate": {
        "row_count": 2003,
        "spearman_rho": 0.4998044778233251,
        "spearman_p": 4.611540792365876e-127,
        "mean_realized": -173.33249825262104,
        "hit_rate": 0.8142785821268098,
        "iv_mean": 0.3488647029455816,
        "ev_mean": 31.881622566150774,
        "final_cash": 74723.80843999996,
        "final_nav": 115985.14996335495,
        "executed_trades": 39,
        "put_assignments": 8,
        "open_at_end": 6
      },
      "per_year": {
        "2020": {
          "n": 2003,
          "rho": 0.4998044778233251,
          "p": 4.611540792365876e-127,
          "mean_realized": -173.33249825262104,
          "hit_rate": 0.8142785821268098,
          "iv_mean": 0.3488647029455816
        }
      },
      "per_quartile": {
        "Q0": {
          "n": 501,
          "ev_mean": -28.92385229540918,
          "pnl_mean": -295.2042115768463,
          "hit": 0.7225548902195609
        },
        "Q1": {
          "n": 501,
          "ev_mean": 3.115748502994012,
          "pnl_mean": -184.1239920159681,
          "hit": 0.8163672654690619
        },
        "Q2": {
          "n": 500,
          "ev_mean": 26.57592,
          "pnl_mean": -104.26222400000007,
          "hit": 0.844
        },
        "Q3": {
          "n": 501,
          "ev_mean": 126.74808383233531,
          "pnl_mean": -109.60170059880238,
          "hit": 0.874251497005988
        }
      }
    },
    "full": {
      "aggregate": {
        "row_count": 2003,
        "spearman_rho": 0.4998044778233251,
        "spearman_p": 4.611540792365876e-127,
        "mean_realized": -173.33249825262104,
        "hit_rate": 0.8142785821268098,
        "iv_mean": 0.3488647029455816,
        "ev_mean": 31.881622566150774,
        "final_cash": 74568.69075999997,
        "final_nav": 115830.03228335496,
        "executed_trades": 40,
        "put_assignments": 8,
        "open_at_end": 6
      },
      "per_year": {
        "2020": {
          "n": 2003,
          "rho": 0.4998044778233251,
          "p": 4.611540792365876e-127,
          "mean_realized": -173.33249825262104,
          "hit_rate": 0.8142785821268098,
          "iv_mean": 0.3488647029455816
        }
      },
      "per_quartile": {
        "Q0": {
          "n": 501,
          "ev_mean": -28.92385229540918,
          "pnl_mean": -295.2042115768463,
          "hit": 0.7225548902195609
        },
        "Q1": {
          "n": 501,
          "ev_mean": 3.115748502994012,
          "pnl_mean": -184.1239920159681,
          "hit": 0.8163672654690619
        },
        "Q2": {
          "n": 500,
          "ev_mean": 26.57592,
          "pnl_mean": -104.26222400000007,
          "hit": 0.844
        },
        "Q3": {
          "n": 501,
          "ev_mean": 126.74808383233531,
          "pnl_mean": -109.60170059880238,
          "hit": 0.874251497005988
        }
      }
    }
  },
  "fingerprint": {
    "capital": 100000.0,
    "tickers": [
      "AAPL",
      "MSFT",
      "GOOGL",
      "NVDA",
      "ORCL",
      "JPM",
      "BAC",
      "GS",
      "WFC",
      "XOM",
      "CVX",
      "UNH",
      "JNJ",
      "PFE",
      "MRK",
      "PG",
      "KO",
      "COST",
      "CAT",
      "BA",
      "GE",
      "HON",
      "AMZN",
      "HD"
    ],
    "universe_size": 24,
    "start": "2018-01-02",
    "end": "2020-12-31",
    "seed": 42,
    "friction_level": "full",
    "top_n": 10,
    "max_new_per_day": 3,
    "dte_target": 35,
    "delta_target": 0.25,
    "contracts": 1,
    "data_csv_sha256": "c3d5443158b12ec5309a08111cdbeae6610baea78c39e676ef109b571c5edfb1",
    "generated_at": "2026-05-27T02:48:38.550249Z"
  }
}
