bin,n,n_clusters,correction_pct_mid,predicted,realized,realized_lo,realized_hi,gap_realized_minus_pred,gap_lo,gap_hi,realized_lo_wilson,realized_hi_wilson,trustworthy
"(-0.193, -0.0337]",34,11,-0.09161300327039085,0.2858205882352941,0.14705882352941177,0.0,0.4230769230769231,-0.13876176470588233,-0.28504793285472974,0.12907877622377603,0.06449346382626418,0.3012838817405195,True
"(-0.0337, 0.00977]",33,7,-0.011419772785785725,0.28436969696969694,0.030303030303030304,0.0,0.10714285714285714,-0.25406666666666666,-0.30700262820512814,-0.15225000000000002,0.005369272089651711,0.1531906167316807,False
"(0.00977, 0.0758]",33,8,0.04421473702737821,0.24173030303030305,0.18181818181818182,0.0384433962264151,0.4444444444444444,-0.05991212121212122,-0.22313076923076924,0.1893517099567099,0.08610651225698263,0.3438856704929522,True
"(0.0758, 0.188]",33,7,0.12839503259234286,0.2479848484848485,0.09090909090909091,0.0,0.38095238095238093,-0.1570757575757576,-0.2666058823529412,0.17217475694444398,0.03140337104926305,0.23572943534351032,False
"(0.188, 0.35]",33,6,0.2503163012784643,0.2469090909090909,0.2727272727272727,0.0,0.7105263157894737,0.025818181818181796,-0.28382619047619045,0.4767421052631579,0.1506727265632281,0.4421788325438682,False
"(0.35, 1.119]",34,5,0.5772476379097299,0.2116,0.2647058823529412,0.0,0.8181818181818182,0.05310588235294117,-0.2485846153846154,0.6085636363636364,0.14601027541553796,0.4311746216289845,False
