bin,n,n_clusters,eng_prob_itm_mid,predicted,realized,realized_lo,realized_hi,gap_realized_minus_pred,gap_lo,gap_hi,realized_lo_wilson,realized_hi_wilson,trustworthy
"(0.0561, 0.186]",36,8,0.14053055555555555,0.14053055555555555,0.19444444444444445,0.0,0.6666666666666666,0.0539138888888889,-0.14436666666666667,0.5024166666666654,0.09752972019453349,0.350283620635152,True
"(0.186, 0.227]",36,10,0.20896388888888887,0.20896388888888887,0.2222222222222222,0.0,0.5757575757575758,0.013258333333333344,-0.20653595251716247,0.3646367424242424,0.11716192974839595,0.38085019827859085,True
"(0.227, 0.257]",30,11,0.2438266666666667,0.2438266666666667,0.13333333333333333,0.0,0.375,-0.11049333333333336,-0.24622878787878785,0.12784711805555532,0.05309569424218105,0.2968168394441695,True
"(0.257, 0.288]",34,12,0.27882352941176475,0.27882352941176475,0.14705882352941177,0.0,0.42113237639553386,-0.13176470588235298,-0.27844070000000004,0.14515489633173834,0.06449346382626418,0.3012838817405195,True
"(0.288, 0.32]",32,11,0.30914375,0.30914375,0.1875,0.04081632653061224,0.46153846153846156,-0.12164375,-0.26953554086538456,0.15256923076923037,0.08889423936162782,0.3530949575492244,True
"(0.32, 0.407]",32,10,0.354246875,0.354246875,0.09375,0.0,0.3333333333333333,-0.260496875,-0.3536406547619047,-0.028003166666666954,0.032400962626319516,0.24218499335778831,True
