{
  "n_realized": 16005,
  "n_dates": 73,
  "engine_exact": {
    "brier": 0.17566163941518279,
    "ece_pp": 4.060278038113087,
    "wmad_pp": 4.059642611683848
  },
  "otm_expire": {
    "brier": 0.20245544135207746,
    "ece_pp": 7.148373008434862,
    "wmad_pp": 7.150477975632614
  }
}